target_name,ensg_id,annotations_grade_3,annotations_grade_2,annotations_grade_1
AAMP,ENSG00000127837,cytoplasmic,,nucleoplasm
AATF,ENSG00000275700,nucleolus_gc,,
ABCE1,ENSG00000164163,cytoplasmic,vesicles,nucleoplasm
ABR,ENSG00000159842,cytoplasmic,vesicles,
ACAP2,ENSG00000114331,cytoplasmic,,
ACAP3,ENSG00000131584,cytoplasmic,mitochondria;big_aggregates,
ACLY,ENSG00000131473,cytoplasmic,nucleoplasm,
ACTB,ENSG00000075624,membrane;cytoskeleton,cytoplasmic,
ACTG1,ENSG00000184009,membrane;cytoskeleton,,cytoplasmic
ACTN1,ENSG00000072110,membrane;cytoskeleton,,
ACTN4,ENSG00000130402,membrane;cytoskeleton,,
ACTR2,ENSG00000138071,membrane,vesicles,cytoplasmic
ACTR5,ENSG00000101442,nucleoplasm,chromatin,
AGAP1,ENSG00000157985,cytoplasmic,cell_contact;membrane,
AGAP3,ENSG00000133612,nucleoplasm;cytoplasmic;cell_contact,,
AGO1,ENSG00000092847,cytoplasmic,,
AGO2,ENSG00000123908,cytoplasmic,big_aggregates,
AGPAT2,ENSG00000169692,er,vesicles,
AGTRAP,ENSG00000177674,vesicles;golgi,,focal_adhesions
AHCY,ENSG00000101444,cytoplasmic;nucleoplasm,,
AHSA1,ENSG00000100591,nucleoplasm;cytoplasmic,,
AKAP12,ENSG00000131016,membrane,cytoplasmic;big_aggregates,
AKAP13,ENSG00000170776,cytoplasmic,,
AKAP8L,ENSG00000011243,chromatin,nuclear_punctae,
AKR1A1,ENSG00000117448,cytoplasmic;big_aggregates,,
AKT1,ENSG00000142208,membrane;cytoplasmic;nucleoplasm,vesicles,cell_contact
AKT1S1,ENSG00000204673,cytoplasmic,,
AKT2,ENSG00000105221,membrane,nucleoplasm;cytoplasmic,vesicles
ALCAM,ENSG00000170017,cell_contact;membrane,,
ALDH16A1,ENSG00000161618,cytoplasmic;vesicles,,
ALDH9A1,ENSG00000143149,cytoplasmic;nucleoplasm,,
ALG2,ENSG00000119523,er,,
AMBRA1,ENSG00000110497,nucleoplasm,cytoplasmic,
ANAPC11,ENSG00000141552,nucleoplasm;cytoplasmic,,
ANAPC16,ENSG00000166295,nucleoplasm;cytoplasmic,,cytoskeleton
ANAPC2,ENSG00000176248,cytoplasmic;nucleoplasm,,
ANAPC4,ENSG00000053900,nucleoplasm;cytoplasmic,cytoskeleton,big_aggregates
ANKRD10,ENSG00000088448,nucleoplasm,,
ANKRD11,ENSG00000167522,nucleoplasm,,cytoplasmic
ANKRD13A,ENSG00000076513,cytoplasmic,vesicles,
ANKRD13C,ENSG00000118454,er,,nucleoplasm;cytoplasmic
ANKRD17,ENSG00000132466,cytoplasmic,,nucleoplasm
ANKRD27,ENSG00000105186,vesicles,,
ANKRD28,ENSG00000206560,cytoplasmic,,
ANKRD39,ENSG00000213337,nucleoplasm;cytoplasmic,,
ANKRD40,ENSG00000154945,golgi,,cytoplasmic;vesicles
ANKRD46,ENSG00000186106,er,,vesicles
ANKRD52,ENSG00000139645,cytoplasmic,,nucleoplasm
ANKRD54,ENSG00000100124,nucleoplasm,nuclear_punctae,
ANKZF1,ENSG00000163516,cytoplasmic,,
ANXA11,ENSG00000122359,nucleoplasm;cytoplasmic,nuclear_punctae,
AP2B1,ENSG00000006125,membrane,vesicles,
AP2S1,ENSG00000042753,membrane,,cytoplasmic
APC,ENSG00000134982,membrane,cytoplasmic,centrosome
APPL1,ENSG00000157500,vesicles,cytoplasmic,
APPL2,ENSG00000136044,cytoplasmic,,vesicles
ARAF,ENSG00000078061,cytoplasmic,,
ARF1,ENSG00000143761,golgi,,cytoplasmic
ARF3,ENSG00000134287,vesicles;nucleoplasm;cytoplasmic;golgi,,
ARF4,ENSG00000168374,er,,golgi
ARF5,ENSG00000004059,er,,nucleoplasm
ARF6,ENSG00000165527,membrane,cytoplasmic,
ARFGAP1,ENSG00000101199,golgi,cytoplasmic,vesicles
ARFGAP2,ENSG00000149182,vesicles;golgi,,cytoplasmic
ARFGAP3,ENSG00000242247,golgi,,
ARFGEF1,ENSG00000066777,golgi;vesicles,cytoplasmic,
ARFGEF2,ENSG00000124198,big_aggregates;golgi,,cytoplasmic
ARFIP1,ENSG00000164144,golgi,,cytoplasmic;vesicles
ARFIP2,ENSG00000132254,golgi,cytoplasmic,nucleoplasm
ARHGAP1,ENSG00000175220,vesicles;er;golgi,,cytoplasmic
ARHGAP11A,ENSG00000198826,chromatin,nucleoplasm,
ARHGAP17,ENSG00000140750,cytoplasmic;membrane,,
ARHGAP21,ENSG00000107863,membrane,cytoplasmic;cell_contact;big_aggregates,
ARHGAP35,ENSG00000160007,cytoplasmic,membrane,nucleoplasm
ARHGAP8,ENSG00000241484,vesicles,cytoplasmic,golgi
ARHGEF12,ENSG00000196914,cytoplasmic,membrane,
ARHGEF18,ENSG00000104880,cytoplasmic,,
ARHGEF7,ENSG00000102606,focal_adhesions,cytoplasmic,
ARID1A,ENSG00000117713,nucleoplasm,chromatin,
ARID1B,ENSG00000049618,nucleoplasm,,
ARL1,ENSG00000120805,golgi,,cytoplasmic
ARL13B,ENSG00000169379,centrosome,,
ARL14EP,ENSG00000152219,nuclear_punctae,nucleoplasm;chromatin;membrane,
ARL2,ENSG00000213465,cytoplasmic;nucleoplasm,big_aggregates,
ARL2BP,ENSG00000102931,cytoplasmic;nucleoplasm,,
ARL3,ENSG00000138175,nucleoplasm;cytoplasmic,,
ARL6,ENSG00000113966,cytoplasmic;nucleoplasm,vesicles,
ARL6IP1,ENSG00000170540,er,,
ARL6IP4,ENSG00000182196,nuclear_punctae;nucleolus_gc;nucleoplasm,,
ARL6IP5,ENSG00000144746,er,,
ARL6IP6,ENSG00000177917,nuclear_membrane,big_aggregates,
ARL8A,ENSG00000143862,vesicles;cytoplasmic;nucleoplasm,,
ARL8B,ENSG00000134108,vesicles,,
ARPC2,ENSG00000163466,membrane;cytoplasmic;vesicles,,
ARPC3,ENSG00000111229,vesicles;membrane,cytoplasmic,nucleoplasm
ASS1,ENSG00000130707,cytoplasmic,nucleoplasm,
ATG101,ENSG00000123395,cytoplasmic;vesicles,,nucleoplasm
ATG12,ENSG00000145782,cytoplasmic,vesicles,nucleoplasm
ATG13,ENSG00000175224,cytoplasmic;vesicles,nucleoplasm,
ATG14,ENSG00000126775,vesicles,cytoplasmic,
ATG2A,ENSG00000110046,vesicles,cytoplasmic,
ATG2B,ENSG00000066739,vesicles,cytoplasmic,
ATG3,ENSG00000144848,cytoplasmic,,big_aggregates
ATG4B,ENSG00000168397,cytoplasmic;nucleoplasm,,
ATG7,ENSG00000197548,cytoplasmic,,
ATG9A,ENSG00000198925,vesicles,golgi,
ATL2,ENSG00000119787,er,,
ATL3,ENSG00000184743,er,,
ATM,ENSG00000149311,nucleoplasm,,nuclear_punctae
ATP1A1,ENSG00000163399,vesicles,membrane,
ATP2B1,ENSG00000070961,membrane,,vesicles
ATP6AP1,ENSG00000071553,vesicles,golgi,
ATP6AP2,ENSG00000182220,vesicles,golgi,
ATP6V0A1,ENSG00000033627,vesicles,,
ATP6V0A2,ENSG00000185344,golgi,er,
ATP6V0D1,ENSG00000159720,vesicles,,
ATP6V1A,ENSG00000114573,vesicles,,
ATP6V1B2,ENSG00000147416,vesicles,,
ATP6V1D,ENSG00000100554,cytoplasmic,vesicles;nucleoplasm,
ATP6V1E1,ENSG00000131100,cytoplasmic;nucleoplasm,,golgi
ATP6V1F,ENSG00000128524,cytoplasmic;nucleoplasm,vesicles,
ATP6V1G1,ENSG00000136888,cytoplasmic;vesicles,,nucleoplasm
ATP6V1H,ENSG00000047249,vesicles,cytoplasmic,
ATXN10,ENSG00000130638,cytoplasmic,nucleoplasm,
ATXN2L,ENSG00000168488,cytoplasmic,,
ATXN3,ENSG00000066427,nucleoplasm;cytoplasmic,big_aggregates,
AURKB,ENSG00000178999,chromatin,,
BAG4,ENSG00000156735,nucleoplasm,nucleolus_fc_dfc,
BAG6,ENSG00000204463,cytoplasmic;nucleoplasm,,
BAIAP2,ENSG00000175866,membrane;cell_contact,cytoplasmic,
BAIAP2L1,ENSG00000006453,membrane;cell_contact,cytoplasmic,
BANF1,ENSG00000175334,nuclear_membrane,nucleoplasm;chromatin,
BAZ1A,ENSG00000198604,chromatin,,
BAZ1B,ENSG00000009954,chromatin,,
BCAP31,ENSG00000185825,er,,
BCAR1,ENSG00000050820,cytoplasmic,,focal_adhesions;vesicles
BECN1,ENSG00000126581,vesicles;cytoplasmic,,
BET1,ENSG00000105829,vesicles,,
BET1L,ENSG00000177951,vesicles,,
BIN1,ENSG00000136717,focal_adhesions,cell_contact;cytoplasmic;membrane,
BIN3,ENSG00000147439,cytoplasmic,,
BLM,ENSG00000197299,nuclear_punctae,,nucleoplasm;nucleolus_gc
BLVRA,ENSG00000106605,nucleoplasm;cytoplasmic,,
BLVRB,ENSG00000090013,cytoplasmic;nucleoplasm,,
BMS1,ENSG00000165733,nucleolus_gc,,
BNIP1,ENSG00000113734,er,,
BOP1,ENSG00000261236,nucleolus_gc,,
BPNT1,ENSG00000162813,nucleoplasm;cytoplasmic,,
BRD2,ENSG00000204256,nucleoplasm,nuclear_punctae,
BRD3,ENSG00000169925,nucleoplasm,,
BRD4,ENSG00000141867,nucleoplasm,nuclear_punctae,
BTF3,ENSG00000145741,cytoplasmic,,
BUB1,ENSG00000169679,cytoplasmic;nucleoplasm,,
BUB1B,ENSG00000156970,cytoplasmic,,
BUD23,ENSG00000071462,nucleolus_gc,,cytoplasmic
BYSL,ENSG00000112578,nucleolus_gc,cytoplasmic,nucleoplasm
C12orf57,ENSG00000111678,cytoplasmic;nucleoplasm,membrane,
C14orf119,ENSG00000179933,cytoplasmic,nucleoplasm,
C18orf21,ENSG00000141428,nucleolus_gc,,nuclear_punctae
C19orf53,ENSG00000104979,nucleolus_gc;nucleoplasm,,
C4orf32,ENSG00000174749,er,,
C7orf50,ENSG00000146540,nucleolus_gc,nucleoplasm,chromatin
C8orf33,ENSG00000182307,cytoplasmic;nucleolus_gc,nucleoplasm,
C9orf16,ENSG00000171159,cytoplasmic;nucleoplasm,,
C9orf78,ENSG00000136819,nucleoplasm,,
CAD,ENSG00000084774,cytoplasmic,,
CALD1,ENSG00000122786,cytoskeleton,,cytoplasmic
CALM1,ENSG00000198668,centrosome;cell_contact;nucleoplasm;cytoplasmic,,membrane
CALM2,ENSG00000143933,membrane;centrosome,cytoplasmic;nucleoplasm,cell_contact
CALM3,ENSG00000160014,centrosome;membrane,nucleoplasm;cytoplasmic,
CAMK1,ENSG00000134072,cytoplasmic,,nucleoplasm
CAMK2G,ENSG00000148660,cytoplasmic,,nucleoplasm
CANX,ENSG00000127022,er,,
CAPRIN1,ENSG00000135387,cytoplasmic,,nucleoplasm
CAPZB,ENSG00000077549,membrane;cytoplasmic;vesicles,,nucleoplasm
CASP2,ENSG00000106144,nucleoplasm,,
CASP3,ENSG00000164305,cytoplasmic,nucleoplasm,
CASP6,ENSG00000138794,cytoplasmic;nucleoplasm,,
CASP7,ENSG00000165806,cytoplasmic;nucleoplasm,big_aggregates,
CBX1,ENSG00000108468,nuclear_punctae,,nucleoplasm;chromatin
CCAR1,ENSG00000060339,nuclear_punctae;nucleoplasm,,
CCDC22,ENSG00000101997,vesicles,,
CCDC47,ENSG00000108588,er,,
CCDC86,ENSG00000110104,nucleolus_gc,,nucleoplasm
CCDC93,ENSG00000125633,vesicles,,
CCNB1,ENSG00000134057,cytoplasmic,cytoskeleton,
CCT2,ENSG00000166226,nucleoplasm;cytoplasmic,,
CCT3,ENSG00000163468,cytoplasmic,nucleoplasm,
CCT4,ENSG00000115484,cytoplasmic,nucleoplasm,
CCT5,ENSG00000150753,cytoplasmic,nucleoplasm,
CCT6A,ENSG00000146731,cytoplasmic,nucleoplasm,
CCT7,ENSG00000135624,cytoplasmic;nucleoplasm,,big_aggregates
CCT8,ENSG00000156261,cytoplasmic;nucleoplasm,,
CCZ1B,ENSG00000146574,nucleoplasm;cytoplasmic,vesicles,
CD151,ENSG00000177697,membrane;vesicles,,
CD2BP2,ENSG00000169217,nucleoplasm,nuclear_punctae,
CD63,ENSG00000135404,vesicles,,
CD81,ENSG00000110651,membrane;vesicles,cell_contact,
CD9,ENSG00000010278,membrane;vesicles,,
CDC16,ENSG00000130177,nucleoplasm;cytoplasmic,cytoskeleton,
CDC20,ENSG00000117399,nucleoplasm,,nuclear_punctae;cytoplasmic
CDC23,ENSG00000094880,cytoskeleton,cytoplasmic;nucleoplasm,
CDC26,ENSG00000176386,cytoplasmic;nucleoplasm,,
CDC27,ENSG00000004897,nucleoplasm;cytoplasmic,,
CDC37,ENSG00000105401,cytoplasmic,nucleoplasm,
CDC42,ENSG00000070831,cytoplasmic;membrane,,nucleoplasm;cytoskeleton
CDC42BPB,ENSG00000198752,membrane,,nucleoplasm
CDC7,ENSG00000097046,nucleoplasm,nuclear_punctae,nucleolus_fc_dfc
CDH2,ENSG00000170558,membrane;cell_contact,,
CDIPT,ENSG00000103502,er;vesicles,golgi,
CDK1,ENSG00000170312,centrosome;cytoplasmic;nucleoplasm,cytoskeleton,
CDK11B,ENSG00000248333,nucleoplasm,chromatin,
CDK12,ENSG00000167258,nucleoplasm,chromatin;nuclear_punctae,
CDK13,ENSG00000065883,,chromatin;nucleoplasm,
CDK2,ENSG00000123374,nucleoplasm,,nuclear_punctae;cytoplasmic
CDK4,ENSG00000135446,nucleoplasm;cytoplasmic,,
CDK5,ENSG00000164885,nucleoplasm;cytoplasmic,,
CDK7,ENSG00000134058,nucleoplasm,nuclear_punctae,nucleolus_fc_dfc
CDK9,ENSG00000136807,nucleoplasm,,
CDKN2A,ENSG00000147889,cytoplasmic;nucleoplasm,,
CDS1,ENSG00000163624,er,,
CDS2,ENSG00000101290,er;vesicles,,
CENPA,ENSG00000115163,nuclear_punctae,,nucleolus_gc
CENPM,ENSG00000100162,nuclear_punctae,,
CENPW,ENSG00000203760,nuclear_punctae,,
CEP131,ENSG00000141577,centrosome,,
CEP135,ENSG00000174799,centrosome,,
CEP164,ENSG00000110274,centrosome,,
CEP170,ENSG00000143702,centrosome,cytoskeleton,
CEP192,ENSG00000101639,centrosome,,
CEP250,ENSG00000126001,centrosome,,
CEP350,ENSG00000135837,centrosome,,cytoskeleton
CEP72,ENSG00000112877,centrosome,,
CEP78,ENSG00000148019,centrosome,cytoplasmic,
CEP85,ENSG00000130695,centrosome,,cytoplasmic
CEPT1,ENSG00000134255,vesicles;er,,
CERS5,ENSG00000139624,er,,
CERS6,ENSG00000172292,er,,
CERT1,ENSG00000113163,golgi,cytoplasmic,nucleoplasm
CETN2,ENSG00000147400,centrosome,chromatin;cytoplasmic,nucleoplasm
CETN3,ENSG00000153140,centrosome,cytoskeleton,nucleoplasm;cytoplasmic
CFAP298,ENSG00000159079,cytoplasmic;nucleoplasm,,
CHEK1,ENSG00000149554,nucleoplasm,,cytoplasmic
CHEK2,ENSG00000183765,nucleoplasm,,
CHM,ENSG00000188419,cytoplasmic,nucleoplasm;vesicles,
CHMP1A,ENSG00000131165,vesicles,nuclear_punctae,
CHMP2A,ENSG00000130724,cytoplasmic;nucleoplasm,,vesicles
CHMP2B,ENSG00000083937,cytoplasmic,,vesicles
CHMP3,ENSG00000115561,vesicles,,
CHMP4A,ENSG00000254505,vesicles,cytoplasmic;nucleoplasm,
CHMP4B,ENSG00000101421,vesicles,,
CHMP6,ENSG00000176108,membrane;vesicles,er,
CHMP7,ENSG00000147457,cytoplasmic,vesicles,er
CHN1,ENSG00000128656,nucleoplasm;cytoplasmic,,big_aggregates
CHPT1,ENSG00000111666,nucleoplasm;cytoplasmic,,
CHUK,ENSG00000213341,cytoplasmic,nucleoplasm,
CKAP2,ENSG00000136108,centrosome;cytoskeleton,,
CKAP2L,ENSG00000169607,centrosome;cytoskeleton,nucleoplasm;cytoplasmic,nuclear_membrane
CKAP4,ENSG00000136026,er,,
CKAP5,ENSG00000175216,centrosome;cytoplasmic,,cytoskeleton
CKB,ENSG00000166165,nucleoplasm;cytoplasmic,,
CLASP1,ENSG00000074054,centrosome;cytoskeleton,cytoplasmic,
CLASP2,ENSG00000163539,cytoskeleton;golgi,cytoplasmic,
CLCN7,ENSG00000103249,vesicles,,
CLINT1,ENSG00000113282,vesicles,golgi,
CLIP1,ENSG00000130779,cytoplasmic;cytoskeleton,membrane,
CLK2,ENSG00000176444,nuclear_punctae,chromatin;nucleoplasm,
CLK3,ENSG00000179335,nucleoplasm;chromatin,,
CLNS1A,ENSG00000074201,nucleoplasm;cytoplasmic,nuclear_punctae,
CLPTM1,ENSG00000104853,er,vesicles,
CLTA,ENSG00000122705,vesicles,membrane;cytoplasmic;golgi,
CLTB,ENSG00000175416,vesicles,membrane;golgi;cytoplasmic,
CLTC,ENSG00000141367,vesicles,cytoplasmic,golgi;membrane
CNBP,ENSG00000169714,nucleoplasm;cytoplasmic,,
CNN2,ENSG00000064666,cytoskeleton,membrane;cytoplasmic;nucleoplasm,
COIL,ENSG00000121058,nuclear_punctae,nucleoplasm,
COMMD1,ENSG00000173163,vesicles,,cytoplasmic
COMMD2,ENSG00000114744,vesicles,,cytoplasmic
COMMD4,ENSG00000140365,vesicles,,cytoplasmic
COMMD6,ENSG00000188243,vesicles,,
COPA,ENSG00000122218,golgi;vesicles,,cytoplasmic
COPB2,ENSG00000184432,golgi,,
COPE,ENSG00000105669,golgi;vesicles,,cytoplasmic
COPG1,ENSG00000181789,golgi,vesicles,cytoplasmic
COPG2,ENSG00000158623,golgi,vesicles,cytoplasmic
COPZ1,ENSG00000111481,golgi;vesicles,,cytoplasmic
CORO1B,ENSG00000172725,membrane,vesicles,
CORO1C,ENSG00000110880,membrane;vesicles,,cytoplasmic
CPSF6,ENSG00000111605,nucleoplasm,,nuclear_punctae
CSE1L,ENSG00000124207,,nucleoplasm,
CSK,ENSG00000103653,cytoplasmic,focal_adhesions,
CSNK1A1,ENSG00000113712,centrosome;cytoplasmic;nucleoplasm,membrane,cell_contact
CSNK1D,ENSG00000141551,centrosome,,nucleoplasm;cytoplasmic;membrane
CSNK1E,ENSG00000213923,centrosome,nucleoplasm;cytoplasmic,
CSNK1G3,ENSG00000151292,membrane;cytoplasmic,,
CSNK2A1,ENSG00000101266,cytoplasmic;nuclear_punctae;big_aggregates;nucleoplasm,,
CSNK2A2,ENSG00000070770,nuclear_punctae;cytoplasmic;big_aggregates;nucleoplasm,,
CSNK2B,ENSG00000204435,nuclear_punctae;nucleoplasm,membrane,
CTBP1,ENSG00000159692,nucleoplasm,chromatin,
CTBP2,ENSG00000175029,nucleoplasm,nuclear_punctae,
CTCF,ENSG00000102974,nucleoplasm,chromatin,
CTNNB1,ENSG00000168036,membrane,vesicles,
CTNNBL1,ENSG00000132792,chromatin,,
CTPS1,ENSG00000171793,cytoplasmic,vesicles,
CTTN,ENSG00000085733,cell_contact;big_aggregates;membrane,,cytoplasmic
CUTC,ENSG00000119929,nucleoplasm,,
CYB5R3,ENSG00000100243,er,,vesicles
CYP51A1,ENSG00000001630,er,,
CZIB,ENSG00000162384,cytoplasmic;nucleoplasm,,
DAD1,ENSG00000129562,er,,
DAPK3,ENSG00000167657,membrane;cytoskeleton;centrosome,,cytoplasmic
DBNDD1,ENSG00000003249,cytoplasmic,,
DBNL,ENSG00000136279,vesicles,membrane;cell_contact,
DCP1A,ENSG00000272886,vesicles,,cytoplasmic
DCP1B,ENSG00000151065,vesicles,,
DCP2,ENSG00000172795,vesicles,,
DCTN2,ENSG00000175203,centrosome;cytoplasmic,cytoskeleton,
DDB1,ENSG00000167986,nucleoplasm,,cytoplasmic
DDOST,ENSG00000244038,er,,
DDX21,ENSG00000165732,nucleolus_gc,,
DDX39B,ENSG00000198563,chromatin,,
DDX47,ENSG00000213782,nucleolus_gc,,nucleoplasm
DDX5,ENSG00000108654,nucleoplasm;chromatin,nucleolus_gc,
DDX56,ENSG00000136271,nucleolus_gc,,cytoplasmic
DDX6,ENSG00000110367,big_aggregates,,
DEGS1,ENSG00000143753,er;vesicles,,
DEPDC1B,ENSG00000035499,membrane,cytoplasmic,
DHCR24,ENSG00000116133,vesicles,er,
DHX37,ENSG00000150990,nucleolus_gc,,nucleoplasm
DHX9,ENSG00000135829,chromatin,nuclear_punctae;nucleoplasm,
DIAPH1,ENSG00000131504,cytoplasmic,,nucleoplasm
DKC1,ENSG00000130826,nucleolus_fc_dfc,,
DNAJA1,ENSG00000086061,nucleoplasm;cytoplasmic,,
DNAJA2,ENSG00000069345,nucleoplasm;cytoplasmic,,
DNAJB1,ENSG00000132002,nucleoplasm,cytoplasmic,
DNAJB2,ENSG00000135924,big_aggregates,cytoplasmic,nucleoplasm
DNAJB4,ENSG00000162616,cytoplasmic;nucleoplasm,,
DNAJB6,ENSG00000105993,nucleoplasm;nuclear_punctae;cytoplasmic,,
DNAJC11,ENSG00000007923,mitochondria,,
DNAJC13,ENSG00000138246,vesicles,,cytoplasmic
DNAJC17,ENSG00000104129,nucleoplasm,,
DNAJC18,ENSG00000170464,er,,big_aggregates
DNAJC2,ENSG00000105821,cytoplasmic,,
DNAJC24,ENSG00000170946,cytoplasmic,nucleoplasm,
DNAJC5,ENSG00000101152,cytoplasmic;vesicles,membrane,nucleoplasm
DNAJC7,ENSG00000168259,cytoplasmic;nucleoplasm,big_aggregates,
DNAJC8,ENSG00000126698,nucleoplasm,,
DNAJC9,ENSG00000213551,nucleoplasm,,cytoplasmic
DNM1,ENSG00000106976,cytoplasmic,,vesicles
DNM1L,ENSG00000087470,vesicles,,cytoplasmic
DNM2,ENSG00000079805,membrane;cytoplasmic,,vesicles;cell_contact
DNTTIP1,ENSG00000101457,nucleoplasm,,chromatin
DOCK11,ENSG00000147251,cytoplasmic,,big_aggregates
DOCK7,ENSG00000116641,membrane;cytoplasmic,cell_contact,
DPH2,ENSG00000132768,cytoplasmic;nucleoplasm,vesicles,
DRG1,ENSG00000185721,cytoplasmic,,
DYNC1H1,ENSG00000197102,centrosome;cytoplasmic,,
DYNC1I2,ENSG00000077380,cytoplasmic;cytoskeleton,centrosome,
DYNC1LI1,ENSG00000144635,cytoplasmic,centrosome,cytoskeleton
DYNC1LI2,ENSG00000135720,cytoplasmic,nucleoplasm;centrosome,
DYNC2LI1,ENSG00000138036,cytoplasmic;centrosome,nucleoplasm,
DYNLL1,ENSG00000088986,nuclear_punctae;nucleoplasm,cytoskeleton;cytoplasmic,
DYNLL2,ENSG00000264364,centrosome;nuclear_punctae,nucleoplasm;cytoplasmic;cell_contact,cytoskeleton
EBNA1BP2,ENSG00000117395,nucleolus_gc,,
EBP,ENSG00000147155,vesicles,er,
ECPAS,ENSG00000136813,cytoplasmic,,nucleoplasm
ECT2,ENSG00000114346,cytoplasmic,nucleoplasm;nucleolus_gc,
EDC3,ENSG00000179151,cytoplasmic;vesicles,,nucleoplasm
EDC4,ENSG00000038358,vesicles,,cytoplasmic
EDF1,ENSG00000107223,nucleolus_gc;cytoplasmic,nucleoplasm,
EEA1,ENSG00000102189,vesicles,,cytoplasmic
EEF1G,ENSG00000254772,cytoplasmic,,nucleoplasm;er
EFTUD2,ENSG00000108883,chromatin,nuclear_punctae,
EIF2AK2,ENSG00000055332,cytoplasmic,,nucleolus_gc
EIF2S3,ENSG00000130741,cytoplasmic,,
EIF3B,ENSG00000106263,cytoplasmic,,
EIF3E,ENSG00000104408,cytoplasmic,,
EIF3G,ENSG00000130811,cytoplasmic,,
EIF3I,ENSG00000084623,cytoplasmic,,nucleoplasm
EIF3K,ENSG00000178982,cytoplasmic,,nucleoplasm
EIF3M,ENSG00000149100,cytoplasmic,,nucleoplasm
EIF4A1,ENSG00000161960,cytoplasmic,,
EIF4A3,ENSG00000141543,chromatin;nucleoplasm,,
EIF5,ENSG00000100664,cytoplasmic,,
ELOVL1,ENSG00000066322,vesicles,,
ELOVL5,ENSG00000012660,vesicles,,
ELOVL6,ENSG00000170522,vesicles,er,
EMC1,ENSG00000127463,er,,
EMC10,ENSG00000161671,er,,
EMC2,ENSG00000104412,er,,
EMC3,ENSG00000125037,er,,
EMC4,ENSG00000128463,er,,
EMC7,ENSG00000134153,er,,
EMC8,ENSG00000131148,er,,
EMC9,ENSG00000100908,er,,
EMG1,ENSG00000126749,nucleolus_gc,,nucleoplasm
ENO1,ENSG00000074800,cytoplasmic;nucleoplasm,,
ENY2,ENSG00000120533,nucleoplasm;nuclear_punctae;nuclear_membrane,,
EPN1,ENSG00000063245,membrane;cytoplasmic,,
EPN2,ENSG00000072134,cytoplasmic,vesicles,membrane
EPS15,ENSG00000085832,membrane;cell_contact,,cytoplasmic
ERG28,ENSG00000133935,vesicles,,er
ERI3,ENSG00000117419,cytoplasmic;nucleoplasm,,
ESD,ENSG00000139684,cytoplasmic;nucleoplasm,,
ESYT1,ENSG00000139641,membrane;er,,
EWSR1,ENSG00000182944,nuclear_punctae;nucleoplasm,,nucleolus_fc_dfc
EZR,ENSG00000092820,membrane,,
FAM117B,ENSG00000138439,centrosome;nucleoplasm;cytoplasmic,,
FAM120A,ENSG00000048828,cytoplasmic,,nucleoplasm
FAM174C,ENSG00000228300,golgi;vesicles,,
FAM207A,ENSG00000160256,nucleolus_gc,nucleoplasm,cytoplasmic
FAM50A,ENSG00000071859,nucleoplasm,,
FAM50B,ENSG00000145945,nucleoplasm,,nucleolus_gc
FANCA,ENSG00000187741,nucleoplasm;cytoplasmic,nuclear_punctae,
FARP1,ENSG00000152767,membrane,,cytoplasmic
FASN,ENSG00000169710,cytoplasmic,,nucleoplasm
FAU,ENSG00000149806,cytoplasmic,,nucleolus_gc
FBL,ENSG00000105202,nucleolus_fc_dfc,,
FCHSD2,ENSG00000137478,cytoplasmic,membrane,cell_contact
FDPS,ENSG00000160752,nucleoplasm;cytoplasmic,,
FKBP5,ENSG00000096060,nucleoplasm,,
FKBP8,ENSG00000105701,mitochondria,cytoplasmic,
FNBP1,ENSG00000187239,cell_contact;membrane,,cytoplasmic
FNBP1L,ENSG00000137942,cell_contact;cytoplasmic;membrane,,
FTH1,ENSG00000167996,vesicles,,
FXR1,ENSG00000114416,cytoplasmic,,
FXR2,ENSG00000129245,cytoplasmic,,
FYN,ENSG00000010810,membrane,,vesicles
G3BP1,ENSG00000145907,nucleoplasm;cytoplasmic,,
G3BP2,ENSG00000138757,cytoplasmic,,nucleoplasm
G6PD,ENSG00000160211,cytoplasmic;vesicles,,
GAK,ENSG00000178950,vesicles,golgi;cytoplasmic,
GAPDH,ENSG00000111640,cytoplasmic,nucleoplasm,
GAR1,ENSG00000109534,nucleolus_fc_dfc,,
GATAD1,ENSG00000157259,nucleoplasm,chromatin,
GBF1,ENSG00000107862,golgi,cytoplasmic,vesicles
GDI1,ENSG00000203879,cytoplasmic,,nucleoplasm
GDI2,ENSG00000057608,cytoplasmic,vesicles,nucleoplasm
GET4,ENSG00000239857,nucleoplasm;cytoplasmic,,
GGPS1,ENSG00000152904,cytoplasmic,,nucleoplasm
GJA1,ENSG00000152661,cell_contact,,vesicles
GLUL,ENSG00000135821,cytoplasmic,nucleoplasm,
GNB1,ENSG00000078369,membrane;vesicles,,er
GNL2,ENSG00000134697,nucleolus_gc,,
GNL3,ENSG00000163938,nucleolus_gc,,
GOLGA2,ENSG00000167110,golgi,,
GOLGA7,ENSG00000147533,membrane;vesicles,,
GOLT1B,ENSG00000111711,golgi,er;vesicles,
GORASP2,ENSG00000115806,golgi,,
GOSR1,ENSG00000108587,vesicles,,
GOSR2,ENSG00000108433,vesicles,golgi,
GPAT3,ENSG00000138678,er,,
GPAT4,ENSG00000158669,er,,vesicles
GPR107,ENSG00000148358,golgi;vesicles,,
GRB2,ENSG00000177885,cytoplasmic;nucleoplasm,,
GRK2,ENSG00000173020,cytoplasmic,,
GSK3A,ENSG00000105723,cytoplasmic,vesicles,
GSK3B,ENSG00000082701,cytoplasmic,,nucleoplasm
GSPT1,ENSG00000103342,cytoplasmic,,
GSTP1,ENSG00000084207,nucleoplasm;cytoplasmic,,
GTF2F1,ENSG00000125651,nucleolus_gc;nucleoplasm,,
GTPBP4,ENSG00000107937,nucleolus_gc,,
GYG1,ENSG00000163754,cytoplasmic,,
GYG2,ENSG00000056998,cytoplasmic,,
GYS1,ENSG00000104812,cytoplasmic,,
H1-0,ENSG00000189060,nucleoplasm,chromatin,
H2AZ1,ENSG00000164032,chromatin,nucleoplasm,
H2BC21,ENSG00000184678,chromatin,,
HDAC1,ENSG00000116478,nucleoplasm,chromatin,
HDAC2,ENSG00000196591,nucleoplasm,chromatin,
HDAC3,ENSG00000171720,nucleoplasm,chromatin,
HEATR3,ENSG00000155393,nucleoplasm,cytoplasmic,
HGS,ENSG00000185359,cytoplasmic;vesicles,,
HIP1,ENSG00000127946,cytoplasmic,membrane,vesicles
HLA-A,ENSG00000206503,membrane;vesicles,,
HMGA1,ENSG00000137309,nucleoplasm;chromatin,,nucleolus_gc
HMGB2,ENSG00000164104,nucleoplasm,chromatin,
HMGCS1,ENSG00000112972,nucleoplasm;cytoplasmic,,
HMGN2,ENSG00000198830,chromatin,nucleoplasm,
HMGN5,ENSG00000198157,chromatin;nucleoplasm,,
HNRNPA0,ENSG00000177733,nucleoplasm,,
HNRNPC,ENSG00000092199,nucleoplasm,chromatin,
HNRNPD,ENSG00000138668,nucleoplasm,chromatin,
HNRNPH1,ENSG00000169045,chromatin,nucleoplasm,
HNRNPL,ENSG00000104824,nucleoplasm,nuclear_punctae,
HNRNPU,ENSG00000153187,nucleoplasm,chromatin,
HOMER1,ENSG00000152413,cell_contact,centrosome,cytoplasmic;nucleoplasm
HSF1,ENSG00000185122,nucleoplasm,nuclear_punctae,
HSP90AA1,ENSG00000080824,nucleoplasm;cytoplasmic,,
HSP90AB1,ENSG00000096384,cytoplasmic;nucleoplasm,,
HSPA12A,ENSG00000165868,membrane,cell_contact,cytoplasmic;nucleoplasm
HSPA14,ENSG00000187522,cytoplasmic,,nucleoplasm
HSPA1B,ENSG00000204388,nucleoplasm;cytoplasmic;big_aggregates,,
HSPA4,ENSG00000170606,nucleoplasm,cytoplasmic;nuclear_punctae,
HSPA4L,ENSG00000164070,nucleoplasm;cytoplasmic,,
HSPA8,ENSG00000109971,nucleoplasm;cytoplasmic,nuclear_punctae,
HSPB1,ENSG00000106211,cytoplasmic,,
HSPB11,ENSG00000081870,,cytoplasmic,nucleoplasm
HSPBP1,ENSG00000133265,nucleoplasm;cytoplasmic,,
HSPH1,ENSG00000120694,cytoplasmic,nucleoplasm,nuclear_punctae
HUS1,ENSG00000136273,nucleoplasm,nuclear_punctae;cytoplasmic,
IDI1,ENSG00000067064,nucleoplasm;cytoplasmic,,
IGF1R,ENSG00000140443,membrane,vesicles,
IGF2BP1,ENSG00000159217,big_aggregates;cytoplasmic,,
IGF2BP3,ENSG00000136231,cytoplasmic,,
IKBKB,ENSG00000104365,cytoplasmic,nucleoplasm,
ILF3,ENSG00000129351,nucleoplasm;nucleolus_gc,,
ILK,ENSG00000166333,focal_adhesions;cytoplasmic,,
IMP3,ENSG00000177971,nucleolus_gc,,
IMPA2,ENSG00000141401,nucleoplasm;cytoplasmic,,
INO80,ENSG00000128908,chromatin,,
INPP4A,ENSG00000040933,cytoplasmic,vesicles,nucleoplasm
INPP5E,ENSG00000148384,centrosome;vesicles,,
INPP5K,ENSG00000132376,er,,
INPPL1,ENSG00000165458,cytoplasmic,,vesicles
INTS14,ENSG00000138614,nucleoplasm;nuclear_punctae,,chromatin
INTS5,ENSG00000185085,nuclear_punctae,chromatin,
INTS9,ENSG00000104299,nuclear_punctae,nucleoplasm,
IPO11,ENSG00000086200,nucleoplasm,cytoplasmic,
IPO13,ENSG00000117408,,nucleoplasm,
IPO4,ENSG00000196497,nucleoplasm;cytoplasmic,,
IPO5,ENSG00000065150,cytoplasmic;nucleoplasm,,
IPO7,ENSG00000205339,cytoplasmic,nucleoplasm,
IPO8,ENSG00000133704,nucleoplasm;cytoplasmic,,
IRAK1,ENSG00000184216,cytoplasmic,,
IST1,ENSG00000182149,cytoplasmic;vesicles,,
ITPR3,ENSG00000096433,vesicles,,membrane
ITSN1,ENSG00000205726,membrane;cell_contact,,cytoplasmic
ITSN2,ENSG00000198399,membrane;cell_contact,vesicles,cytoplasmic
JUN,ENSG00000177606,nucleoplasm,chromatin,
JUNB,ENSG00000171223,chromatin,nucleoplasm,
KDSR,ENSG00000119537,er;vesicles,,
KEAP1,ENSG00000079999,cytoplasmic;vesicles,,
KIAA0319L,ENSG00000142687,vesicles,golgi,
KIAA1143,ENSG00000163807,nucleoplasm,,
KIF11,ENSG00000138160,cytoskeleton;cytoplasmic,,
KIF1B,ENSG00000054523,cytoplasmic,nucleoplasm;big_aggregates,centrosome
KIF20A,ENSG00000112984,cytoplasmic,,
KIF22,ENSG00000079616,chromatin,,
KIF2A,ENSG00000068796,cytoskeleton;nucleoplasm;cytoplasmic,,
KIF2C,ENSG00000142945,nucleoplasm;cytoskeleton;centrosome;nuclear_punctae,,
KIF3A,ENSG00000131437,cytoplasmic,,
KIF3B,ENSG00000101350,cytoplasmic,centrosome,
KIF4A,ENSG00000090889,nucleoplasm,,big_aggregates
KIF5B,ENSG00000170759,centrosome;cytoplasmic,,
KIF7,ENSG00000166813,vesicles;centrosome,,
KIFAP3,ENSG00000075945,cytoplasmic,big_aggregates,nucleoplasm
KIFBP,ENSG00000198954,cytoplasmic,nucleoplasm;big_aggregates,
KIFC1,ENSG00000237649,cytoskeleton,,
KLC1,ENSG00000126214,centrosome;cytoplasmic,,
KLC2,ENSG00000174996,centrosome;cytoplasmic,,
KLC4,ENSG00000137171,cytoplasmic,centrosome,
KPNA1,ENSG00000114030,nuclear_membrane;big_aggregates,nucleoplasm;cytoplasmic,
KPNA2,ENSG00000182481,nuclear_membrane;cytoplasmic,nucleoplasm;big_aggregates,
KPNA3,ENSG00000102753,nuclear_membrane;nucleoplasm;cytoplasmic,,
KPNA4,ENSG00000186432,nuclear_membrane;big_aggregates,cytoplasmic;nucleoplasm,
KPNA6,ENSG00000025800,nuclear_membrane,nucleoplasm;cytoplasmic;big_aggregates,
KPNB1,ENSG00000108424,big_aggregates,nuclear_membrane,nucleoplasm;cytoplasmic
KRAS,ENSG00000133703,membrane,,cytoplasmic
KRT18,ENSG00000111057,cytoskeleton,,cytoplasmic
KRTCAP2,ENSG00000163463,er,,
LAMP1,ENSG00000185896,vesicles,,
LAMP2,ENSG00000005893,vesicles,,
LAMTOR2,ENSG00000116586,vesicles,,
LARP7,ENSG00000174720,nucleolus_gc;nucleoplasm,,nuclear_punctae;vesicles
LBR,ENSG00000143815,nuclear_membrane,er,
LDHA,ENSG00000134333,cytoplasmic,,centrosome;nucleoplasm
LDHB,ENSG00000111716,cytoplasmic,,nucleoplasm;vesicles
LEMD2,ENSG00000161904,nuclear_membrane;big_aggregates,,er
LEMD3,ENSG00000174106,nuclear_membrane,,
LGALS1,ENSG00000100097,cytoplasmic;nucleoplasm,,
LIG1,ENSG00000105486,nuclear_punctae;nucleoplasm,,
LIMK2,ENSG00000182541,cytoplasmic,,nucleoplasm
LMAN1,ENSG00000074695,vesicles,,
LMNA,ENSG00000160789,nuclear_membrane,,
LMNB1,ENSG00000113368,nuclear_membrane,,
LNPK,ENSG00000144320,vesicles,er,
LPCAT1,ENSG00000153395,er,vesicles,
LPCAT2,ENSG00000087253,er;vesicles,,
LSM14A,ENSG00000257103,big_aggregates,,
LSM14B,ENSG00000149657,big_aggregates,,cytoplasmic
LSS,ENSG00000160285,vesicles,,er
LTV1,ENSG00000135521,cytoplasmic,,nucleoplasm;nucleolus_gc
LZTS2,ENSG00000107816,membrane;cell_contact;centrosome,,cytoplasmic
MAN1A2,ENSG00000198162,vesicles,,
MAP1LC3B,ENSG00000140941,vesicles;nucleoplasm;cytoplasmic,cytoskeleton,
MAP2K1,ENSG00000169032,cytoplasmic,,
MAP2K2,ENSG00000126934,cytoplasmic,,
MAP2K3,ENSG00000034152,nucleoplasm;cytoplasmic,,
MAP2K7,ENSG00000076984,nucleoplasm;cytoplasmic,,
MAP3K7,ENSG00000135341,cytoplasmic,,
MAP4,ENSG00000047849,cytoskeleton,,
MAP4K4,ENSG00000071054,cell_contact;membrane,cytoplasmic,
MAPK1,ENSG00000100030,cytoplasmic,nucleoplasm,
MAPK14,ENSG00000112062,nucleoplasm;cytoplasmic,,
MAPK3,ENSG00000102882,cytoplasmic,nucleoplasm,
MAPK8,ENSG00000107643,cytoplasmic;nucleoplasm,,
MAPK9,ENSG00000050748,cytoplasmic;nucleoplasm,,
MAPKAPK2,ENSG00000162889,cytoplasmic;nucleoplasm,centrosome,
MAPKAPK3,ENSG00000114738,nucleoplasm;cytoplasmic,,
MAPRE1,ENSG00000101367,centrosome;cytoplasmic,,nucleoplasm
MARK2,ENSG00000072518,membrane;cytoplasmic,nucleoplasm;nucleolus_gc,
MARK3,ENSG00000075413,membrane;cytoplasmic,cell_contact,nucleoplasm
MARK4,ENSG00000007047,centrosome;cytoplasmic,,
MBOAT2,ENSG00000143797,vesicles,er,
MBOAT7,ENSG00000125505,er,,
MCM10,ENSG00000065328,nucleolus_gc;nucleoplasm,cytoplasmic,
MCOLN1,ENSG00000090674,vesicles,,
MDH1,ENSG00000014641,cytoplasmic;nucleoplasm,,
MECP2,ENSG00000169057,chromatin,,
MED10,ENSG00000133398,nucleoplasm;nuclear_punctae,,
MED11,ENSG00000161920,nucleoplasm;nuclear_punctae,,
MED14,ENSG00000180182,nucleoplasm;nuclear_punctae,,
MED15,ENSG00000099917,nucleoplasm;nuclear_punctae,,
MED17,ENSG00000042429,nucleoplasm;nuclear_punctae,,
MED18,ENSG00000130772,nucleoplasm;nuclear_punctae,,
MED19,ENSG00000156603,nucleoplasm;nuclear_punctae,,
MED20,ENSG00000124641,nucleoplasm;nuclear_punctae,,
MED21,ENSG00000152944,nucleoplasm;nuclear_punctae,,
MED22,ENSG00000148297,nucleoplasm;nuclear_punctae,,
MED24,ENSG00000008838,nucleoplasm;nuclear_punctae,,
MED25,ENSG00000104973,nucleoplasm;chromatin,,
MED27,ENSG00000160563,nucleoplasm;nuclear_punctae,,
MED28,ENSG00000118579,nucleoplasm;nuclear_punctae,,
MED29,ENSG00000063322,nucleoplasm;nuclear_punctae,,
MED31,ENSG00000108590,nucleoplasm;nuclear_punctae,,
MED4,ENSG00000136146,nucleoplasm;nuclear_punctae,,
MED6,ENSG00000133997,nucleoplasm;nuclear_punctae,,
MED8,ENSG00000159479,nucleoplasm;nuclear_punctae,,
MED9,ENSG00000141026,nucleoplasm;nuclear_punctae,,
MELK,ENSG00000165304,cytoplasmic,,vesicles;nucleoplasm
METAP2,ENSG00000111142,cytoplasmic,,nucleoplasm;nucleolus_gc
MFN1,ENSG00000171109,mitochondria,,
MFN2,ENSG00000116688,mitochondria,,
MFSD11,ENSG00000092931,vesicles,,
MFSD12,ENSG00000161091,vesicles,,
MIF,ENSG00000240972,nucleoplasm;cytoplasmic,,
MINK1,ENSG00000141503,cytoplasmic;membrane,cell_contact,big_aggregates
MIS12,ENSG00000167842,nuclear_punctae,,nucleoplasm
MKI67,ENSG00000148773,nucleolus_gc,nuclear_punctae;chromatin,nucleoplasm
MKNK1,ENSG00000079277,cytoplasmic,nucleoplasm,big_aggregates
MKNK2,ENSG00000099875,cytoplasmic;nucleoplasm,big_aggregates,
MMGT1,ENSG00000169446,er,,
MPHOSPH10,ENSG00000124383,nucleolus_gc,,
MRTO4,ENSG00000053372,nucleolus_gc,,
MSH6,ENSG00000116062,nuclear_punctae;chromatin;nucleoplasm,,
MSN,ENSG00000147065,cytoplasmic,,nucleoplasm
MTMR1,ENSG00000063601,cell_contact;cytoplasmic;nucleoplasm,membrane,
MTMR2,ENSG00000087053,nucleoplasm;cytoplasmic,vesicles,
MTOR,ENSG00000198793,cytoplasmic,vesicles,
MVB12A,ENSG00000141971,cytoplasmic;vesicles,,
MVD,ENSG00000167508,cytoplasmic,nucleoplasm,big_aggregates
MVK,ENSG00000110921,cytoplasmic;nucleoplasm,,
MYBBP1A,ENSG00000132382,nucleolus_gc,,
MYH10,ENSG00000133026,cytoskeleton,,
MYH9,ENSG00000100345,cytoskeleton;membrane,cytoplasmic,
MYL12A,ENSG00000101608,cytoskeleton;cytoplasmic,,
MYL12B,ENSG00000118680,cytoskeleton,cytoplasmic,
MYL6,ENSG00000092841,cytoskeleton,cytoplasmic,
MYL6B,ENSG00000196465,cytoplasmic;cytoskeleton,membrane,
MYO19,ENSG00000278259,mitochondria,,
MYO1B,ENSG00000128641,membrane,cell_contact,
MYO1C,ENSG00000197879,membrane,,cytoplasmic
MYO1E,ENSG00000157483,cytoplasmic,,
MYO6,ENSG00000196586,cytoplasmic;vesicles,,membrane
MYO9A,ENSG00000066933,cytoplasmic,,membrane
MYO9B,ENSG00000099331,cytoplasmic,,membrane
NAF1,ENSG00000145414,nucleoplasm,chromatin;nucleolus_fc_dfc,nuclear_punctae
NANS,ENSG00000095380,nucleoplasm,,cytoplasmic
NAPA,ENSG00000105402,golgi;cytoplasmic;nucleoplasm,vesicles,
NAPG,ENSG00000134265,cytoplasmic,vesicles,
NCAPH,ENSG00000121152,nucleoplasm;cytoplasmic,chromatin,
NCK1,ENSG00000158092,focal_adhesions,,membrane;cytoplasmic
NCK2,ENSG00000071051,vesicles,cytoplasmic,
NCKAP1,ENSG00000061676,cytoplasmic;membrane,cell_contact,
NCKAP5L,ENSG00000167566,centrosome;cytoplasmic,nucleoplasm,
NCL,ENSG00000115053,nucleolus_gc,,nucleoplasm
NCLN,ENSG00000125912,er,,vesicles
NCOA1,ENSG00000084676,nucleoplasm,,
NECAP1,ENSG00000089818,membrane;cytoplasmic;nucleoplasm,,
NECAP2,ENSG00000157191,nucleoplasm;cytoplasmic,membrane,cell_contact
NEDD1,ENSG00000139350,centrosome,cytoplasmic,
NEK9,ENSG00000119638,cytoplasmic,,
NEMF,ENSG00000165525,cytoplasmic,,
NEPRO,ENSG00000163608,nucleolus_gc,,
NET1,ENSG00000173848,nucleoplasm,,
NFKB1,ENSG00000109320,cytoplasmic,,
NFKB2,ENSG00000077150,cytoplasmic,,nucleoplasm
NHP2,ENSG00000145912,nucleolus_fc_dfc,,
NIFK,ENSG00000155438,nucleolus_gc,,
NMD3,ENSG00000169251,nucleolus_gc,cytoplasmic,nucleoplasm
NOL10,ENSG00000115761,nucleolus_gc,,
NOL11,ENSG00000130935,nucleolus_gc,,
NOM1,ENSG00000146909,nucleolus_gc,,chromatin
NONO,ENSG00000147140,nucleoplasm,chromatin;nucleolus_fc_dfc;nuclear_punctae,
NOP10,ENSG00000182117,nucleolus_fc_dfc,,nucleoplasm
NOP2,ENSG00000111641,nucleolus_gc,,
NOP53,ENSG00000105373,nucleolus_gc,,
NOP58,ENSG00000055044,nucleolus_fc_dfc,,
NPM1,ENSG00000181163,nucleolus_gc,,
NPM3,ENSG00000107833,nucleolus_gc,,
NRBP1,ENSG00000115216,cytoplasmic,,nucleoplasm
NSA2,ENSG00000164346,nucleolus_gc,,
NSDHL,ENSG00000147383,er,vesicles,
NUCKS1,ENSG00000069275,chromatin,nucleoplasm,
NUF2,ENSG00000143228,cytoskeleton,,centrosome
NUFIP2,ENSG00000108256,cytoplasmic,,
NUMA1,ENSG00000137497,nucleoplasm,chromatin,
NUP107,ENSG00000111581,nuclear_membrane,,
NUP153,ENSG00000124789,nuclear_membrane,,
NUP155,ENSG00000113569,nuclear_membrane,,
NUP214,ENSG00000126883,nuclear_membrane,big_aggregates,
NUP35,ENSG00000163002,nuclear_membrane,big_aggregates,
NUP98,ENSG00000110713,nuclear_membrane,,
NUTF2,ENSG00000102898,nuclear_membrane,,nucleoplasm;cytoplasmic
NVL,ENSG00000143748,nucleolus_gc,,nucleoplasm
NXF1,ENSG00000162231,nuclear_punctae;nuclear_membrane,nucleoplasm,
NXT2,ENSG00000101888,nuclear_punctae,nucleoplasm,nuclear_membrane
OCRL,ENSG00000122126,cytoplasmic,vesicles,golgi
ORAI1,ENSG00000276045,membrane,er,
OSBP,ENSG00000110048,golgi;vesicles,membrane;cell_contact,
OSBPL11,ENSG00000144909,golgi;cytoplasmic,,vesicles
OSBPL8,ENSG00000091039,er,membrane;cell_contact;vesicles,
OST4,ENSG00000228474,er,,
OSTC,ENSG00000198856,er,,
OXSR1,ENSG00000172939,cytoplasmic,nucleoplasm,
PABPC4,ENSG00000090621,cytoplasmic,,
PACSIN2,ENSG00000100266,cytoplasmic,membrane,
PACSIN3,ENSG00000165912,membrane,cell_contact,cytoplasmic
PAIP1,ENSG00000172239,nuclear_membrane;cytoplasmic,,
PAK1,ENSG00000149269,focal_adhesions,cytoplasmic,
PAK2,ENSG00000180370,focal_adhesions,cytoplasmic;nucleoplasm,
PAK4,ENSG00000130669,cytoplasmic,centrosome,cell_contact
PARP1,ENSG00000143799,nucleolus_gc;nucleoplasm,,
PASK,ENSG00000115687,cytoplasmic,big_aggregates,
PATZ1,ENSG00000100105,nucleoplasm;cytoplasmic,,
PBK,ENSG00000168078,nucleoplasm;cytoplasmic,,
PCNA,ENSG00000132646,nuclear_punctae;nucleoplasm,cytoplasmic;chromatin,
PDAP1,ENSG00000106244,cytoplasmic,centrosome,
PDCD11,ENSG00000148843,nucleolus_gc,,
PDCD6,ENSG00000249915,nucleoplasm;cytoplasmic,,
PDCD6IP,ENSG00000170248,cytoplasmic,,nucleoplasm
PDCL3,ENSG00000115539,cytoplasmic,,nucleoplasm
PDPK1,ENSG00000140992,cytoplasmic,,membrane
PES1,ENSG00000100029,nucleolus_gc,,nucleoplasm
PEX3,ENSG00000034693,vesicles,,
PFDN6,ENSG00000204220,cytoplasmic;nucleoplasm,,
PFN1,ENSG00000108518,cytoplasmic,,
PGK1,ENSG00000102144,cytoplasmic;nucleoplasm,,
PGRMC1,ENSG00000101856,er,vesicles,
PGRMC2,ENSG00000164040,er;vesicles,,
PHAX,ENSG00000164902,nucleoplasm,,
PHF10,ENSG00000130024,nucleoplasm,chromatin,
PHGDH,ENSG00000092621,cytoplasmic;nucleoplasm,,
PHKG2,ENSG00000156873,cytoplasmic,,nucleoplasm
PHLDB1,ENSG00000019144,membrane,,
PI4K2A,ENSG00000155252,vesicles,,
PI4KA,ENSG00000241973,membrane,cytoplasmic,vesicles;nucleoplasm
PI4KB,ENSG00000143393,golgi,,cytoplasmic;vesicles
PICALM,ENSG00000073921,membrane,,
PIK3C2A,ENSG00000011405,cytoplasmic,vesicles,
PIK3C3,ENSG00000078142,cytoplasmic,vesicles,
PIK3R1,ENSG00000145675,membrane,vesicles;cytoplasmic,
PIK3R2,ENSG00000105647,membrane;cytoplasmic;cell_contact,vesicles,
PIKFYVE,ENSG00000115020,vesicles,cytoplasmic,
PIN4,ENSG00000102309,nucleolus_gc;cytoplasmic;nucleoplasm,,
PIP4K2A,ENSG00000150867,cytoplasmic,membrane,nucleoplasm
PIP4K2B,ENSG00000276293,membrane;cytoplasmic,,nucleoplasm;vesicles
PIP4K2C,ENSG00000166908,membrane,er,nucleoplasm
PIP4P1,ENSG00000165782,vesicles,membrane,
PIP5K1A,ENSG00000143398,membrane,,cytoplasmic;vesicles
PIP5K1C,ENSG00000186111,membrane,cytoplasmic,vesicles
PKM,ENSG00000067225,cytoplasmic,,nucleoplasm
PKMYT1,ENSG00000127564,er,,nucleoplasm
PKN1,ENSG00000123143,cytoplasmic,,
PKN2,ENSG00000065243,cytoplasmic;er,,nucleoplasm;membrane
PLA2G4A,ENSG00000116711,nucleoplasm;cytoplasmic,,
PLD2,ENSG00000129219,cytoplasmic,,vesicles;membrane
PLK1,ENSG00000166851,centrosome,nucleoplasm;cytoplasmic;nuclear_punctae,
PLPP1,ENSG00000067113,membrane,vesicles,er
PMVK,ENSG00000163344,nucleoplasm;cytoplasmic,,
PNPLA2,ENSG00000177666,vesicles,,
POLR1A,ENSG00000068654,nucleolus_fc_dfc,,
POLR1B,ENSG00000125630,nucleolus_fc_dfc,,
POLR1C,ENSG00000171453,nucleolus_fc_dfc,,nuclear_punctae
POLR1D,ENSG00000186184,nucleolus_fc_dfc,nucleoplasm,
POLR1E,ENSG00000137054,nucleolus_fc_dfc,nuclear_punctae,
POLR1F,ENSG00000105849,nucleolus_fc_dfc,,nuclear_punctae
POLR2A,ENSG00000181222,nucleoplasm,nuclear_punctae,
POLR2B,ENSG00000047315,nucleoplasm;nuclear_punctae,,cytoplasmic
POLR2C,ENSG00000102978,nucleoplasm,nuclear_punctae,chromatin;cytoplasmic
POLR2D,ENSG00000144231,nucleoplasm,cytoplasmic,
POLR2E,ENSG00000099817,nucleolus_fc_dfc,nuclear_punctae;nucleoplasm,
POLR2F,ENSG00000100142,nucleoplasm;nuclear_punctae;nucleolus_fc_dfc,,cytoplasmic
POLR2G,ENSG00000168002,nucleoplasm,,
POLR2H,ENSG00000163882,nucleolus_fc_dfc,,nucleoplasm
POLR2I,ENSG00000105258,nucleoplasm,,nuclear_punctae;cytoplasmic
POLR2J,ENSG00000005075,nucleoplasm;nuclear_punctae,,cytoplasmic
POLR2K,ENSG00000147669,nucleolus_fc_dfc,nucleoplasm,
POLR3A,ENSG00000148606,nuclear_punctae,nucleoplasm,
POLR3B,ENSG00000013503,nuclear_punctae,nucleoplasm,
POLR3C,ENSG00000186141,nucleoplasm,,
POLR3D,ENSG00000168495,nuclear_punctae;nucleoplasm,,
POLR3E,ENSG00000058600,nucleoplasm;nuclear_punctae,,
POLR3F,ENSG00000132664,nuclear_punctae,nucleoplasm,
POLR3G,ENSG00000113356,nuclear_punctae,nucleoplasm,
POLR3GL,ENSG00000121851,nuclear_punctae,nucleoplasm,
POLR3H,ENSG00000100413,nuclear_punctae,nucleoplasm,
POT1,ENSG00000128513,nuclear_punctae,,
PPM1G,ENSG00000115241,nucleoplasm,,
PPP2CA,ENSG00000113575,centrosome,cytoplasmic;nucleoplasm,membrane
PPP2CB,ENSG00000104695,cytoplasmic;nucleoplasm;big_aggregates,,
PPP6R1,ENSG00000105063,cytoplasmic,vesicles,
PRKAA1,ENSG00000132356,cytoplasmic,vesicles,nucleoplasm
PRKACA,ENSG00000072062,cytoplasmic;centrosome,vesicles,
PRKCD,ENSG00000163932,cytoplasmic;nucleoplasm,,
PRKCI,ENSG00000163558,cytoplasmic;nucleoplasm,,
PRKD2,ENSG00000105287,cytoplasmic,,
PRKD3,ENSG00000115825,big_aggregates;cytoplasmic,nucleoplasm,
PRKDC,ENSG00000253729,nucleoplasm,,
PRMT9,ENSG00000164169,nucleoplasm,cytoplasmic,
PRPF19,ENSG00000110107,chromatin,nucleoplasm,
PRPF4B,ENSG00000112739,chromatin,nuclear_punctae,
PRPF8,ENSG00000174231,chromatin,,
PSMA1,ENSG00000129084,nucleoplasm,cytoplasmic,
PSMA2,ENSG00000106588,nucleoplasm;cytoplasmic,,
PSMA3,ENSG00000100567,nucleoplasm;cytoplasmic,,
PSMA4,ENSG00000041357,nucleoplasm;cytoplasmic,,
PSMA5,ENSG00000143106,nucleoplasm,cytoplasmic,
PSMA6,ENSG00000100902,cytoplasmic,nucleoplasm,
PSMB1,ENSG00000008018,nucleoplasm;cytoplasmic,,
PSMB2,ENSG00000126067,nucleoplasm;cytoplasmic,,
PSMB3,ENSG00000277791,nucleoplasm;cytoplasmic,,
PSMB4,ENSG00000159377,nucleoplasm,cytoplasmic,
PSMB5,ENSG00000100804,nucleoplasm;cytoplasmic,,
PSMB6,ENSG00000142507,nucleoplasm;cytoplasmic,,
PSMB7,ENSG00000136930,nucleoplasm;cytoplasmic,,
PSMC2,ENSG00000161057,nucleoplasm,,cytoplasmic
PSMC3,ENSG00000165916,cytoplasmic;nucleoplasm,,
PSMC3IP,ENSG00000131470,big_aggregates,nuclear_punctae;nucleoplasm,
PSMC4,ENSG00000013275,nucleoplasm,cytoplasmic,
PSMC5,ENSG00000087191,nucleoplasm,cytoplasmic,
PSMC6,ENSG00000100519,nucleoplasm,,
PSMD1,ENSG00000173692,nucleoplasm,cytoplasmic,
PSMD10,ENSG00000101843,cytoplasmic;nucleoplasm,,
PSMD11,ENSG00000108671,cytoplasmic;nucleoplasm,,
PSMD12,ENSG00000197170,nucleoplasm;cytoplasmic,,
PSMD13,ENSG00000185627,nucleoplasm,cytoplasmic,
PSMD2,ENSG00000175166,nucleoplasm,cytoplasmic,
PSMD3,ENSG00000108344,nucleoplasm;cytoplasmic,,
PSMD4,ENSG00000159352,nucleoplasm;cytoplasmic,,
PSMD6,ENSG00000163636,nucleoplasm;cytoplasmic,,
PSMD7,ENSG00000103035,nucleoplasm,cytoplasmic;big_aggregates,
PSMD9,ENSG00000110801,cytoplasmic;nucleoplasm,,
PSME1,ENSG00000092010,cytoplasmic,nucleoplasm,
PSME2,ENSG00000100911,cytoplasmic,nucleoplasm,
PSME3,ENSG00000131467,nucleoplasm,,
PSME4,ENSG00000068878,nucleoplasm,cytoplasmic;big_aggregates,
PSMF1,ENSG00000125818,nucleoplasm;cytoplasmic,,
PSMG1,ENSG00000183527,cytoplasmic;nucleoplasm,,
PSMG2,ENSG00000128789,nucleoplasm;cytoplasmic,,
PSMG3,ENSG00000157778,nucleoplasm;cytoplasmic,,
PSMG4,ENSG00000180822,nucleoplasm;cytoplasmic,big_aggregates,
PSPC1,ENSG00000121390,nuclear_punctae,,nucleoplasm
PTDSS1,ENSG00000156471,er,,
PTDSS2,ENSG00000174915,er,,
PTGES3,ENSG00000110958,nucleoplasm;cytoplasmic,,
PTK2,ENSG00000169398,focal_adhesions;cytoplasmic,,
PTK7,ENSG00000112655,membrane;vesicles,,
PTMA,ENSG00000187514,nucleoplasm,,
PXN,ENSG00000089159,focal_adhesions,,
RAB10,ENSG00000084733,er,golgi,vesicles
RAB11A,ENSG00000103769,vesicles;golgi,,
RAB11B,ENSG00000185236,golgi;vesicles,cytoplasmic,
RAB13,ENSG00000143545,membrane;cytoplasmic,er,
RAB14,ENSG00000119396,vesicles,cytoplasmic,
RAB18,ENSG00000099246,vesicles,,er
RAB1A,ENSG00000138069,golgi,,cytoplasmic;vesicles
RAB1B,ENSG00000174903,golgi,,cytoplasmic;vesicles
RAB23,ENSG00000112210,membrane;cytoplasmic;cell_contact,,
RAB24,ENSG00000169228,mitochondria,,cytoplasmic;er
RAB29,ENSG00000117280,vesicles,er,
RAB2A,ENSG00000104388,golgi;vesicles,,er
RAB2B,ENSG00000129472,golgi;vesicles,,er;cytoplasmic
RAB35,ENSG00000111737,membrane;vesicles,cytoplasmic;cell_contact,
RAB3D,ENSG00000105514,er;vesicles,,
RAB3GAP2,ENSG00000118873,golgi;cytoplasmic,vesicles,
RAB4A,ENSG00000168118,vesicles;cytoplasmic,golgi,nucleoplasm
RAB5A,ENSG00000144566,cytoplasmic;vesicles,,
RAB5B,ENSG00000111540,cytoplasmic;vesicles,,
RAB6B,ENSG00000154917,golgi,vesicles,er
RAB7A,ENSG00000075785,vesicles,,
RAB8B,ENSG00000166128,er,membrane,vesicles
RAB9A,ENSG00000123595,vesicles,,er;cytoplasmic
RABAC1,ENSG00000105404,vesicles;golgi,,cytoplasmic
RABEP1,ENSG00000029725,vesicles;cytoplasmic,,
RABEPK,ENSG00000136933,cytoplasmic;nucleoplasm,,vesicles
RABGAP1,ENSG00000011454,vesicles;cytoplasmic,golgi,
RABGAP1L,ENSG00000152061,cytoplasmic,golgi;centrosome;vesicles,nucleoplasm
RABGGTA,ENSG00000100949,cytoplasmic,big_aggregates,
RABGGTB,ENSG00000137955,cytoplasmic;nucleoplasm,,
RABIF,ENSG00000183155,cytoplasmic;nucleoplasm,,
RABL3,ENSG00000144840,vesicles,,er
RAC1,ENSG00000136238,membrane,cytoplasmic;nucleoplasm,nuclear_punctae
RAC3,ENSG00000169750,cytoplasmic,cell_contact;membrane,golgi;vesicles
RACK1,ENSG00000204628,cytoplasmic,,
RAD17,ENSG00000152942,nucleoplasm,,nuclear_punctae
RAD21,ENSG00000164754,chromatin,,nucleoplasm
RAF1,ENSG00000132155,cytoplasmic,,
RALBP1,ENSG00000017797,membrane;cytoplasmic,,cell_contact
RAN,ENSG00000132341,nuclear_membrane;nuclear_punctae;big_aggregates,nucleoplasm;cytoplasmic,
RANBP1,ENSG00000099901,cytoplasmic,,
RANBP10,ENSG00000141084,nucleoplasm;cytoplasmic,,
RANBP2,ENSG00000153201,nuclear_membrane;big_aggregates,,
RANBP9,ENSG00000010017,nucleoplasm,cytoplasmic,
RANGRF,ENSG00000108961,nucleoplasm;cytoplasmic,,
RBBP4,ENSG00000162521,nucleoplasm,chromatin,
RBIS,ENSG00000176731,vesicles;nucleolus_gc,,
RBM10,ENSG00000182872,chromatin,,
RBM12,ENSG00000244462,nucleoplasm,chromatin;nucleolus_fc_dfc,
RBM12B,ENSG00000183808,chromatin;nuclear_punctae,nucleolus_fc_dfc,
RBM14,ENSG00000239306,nucleoplasm,nucleolus_fc_dfc;nuclear_punctae,
RBM15,ENSG00000162775,nucleoplasm;chromatin,,
RBM15B,ENSG00000259956,nucleoplasm,chromatin,
RBM17,ENSG00000134453,chromatin,nucleoplasm,
RBM19,ENSG00000122965,nucleolus_gc,,
RBM22,ENSG00000086589,chromatin,,
RBM25,ENSG00000119707,chromatin,,
RBM28,ENSG00000106344,nucleolus_gc,,
RBM3,ENSG00000102317,nucleoplasm;cytoplasmic,nuclear_punctae,
RBM33,ENSG00000184863,chromatin,nucleoplasm,
RBM34,ENSG00000188739,nucleolus_gc,,
RBM38,ENSG00000132819,cytoplasmic,nucleoplasm,
RBM39,ENSG00000131051,chromatin,,
RBM4,ENSG00000173933,nucleoplasm,chromatin,cytoplasmic
RBM41,ENSG00000089682,nucleoplasm,nuclear_punctae;big_aggregates,cytoplasmic
RBM42,ENSG00000126254,chromatin,,
RBM5,ENSG00000003756,chromatin,,
RBM6,ENSG00000004534,nucleolus_fc_dfc;nucleoplasm,nuclear_punctae,
RBM7,ENSG00000076053,nucleoplasm,,nucleolus_fc_dfc
RBM8A,ENSG00000265241,chromatin,,
RBMX,ENSG00000147274,nucleoplasm,,nuclear_punctae;chromatin
RBSN,ENSG00000131381,big_aggregates,,cytoplasmic
REEP2,ENSG00000132563,er,nuclear_punctae,
REEP3,ENSG00000165476,er,,
REEP4,ENSG00000168476,er,vesicles,
REEP5,ENSG00000129625,er,,
REEP6,ENSG00000115255,er,,
RELA,ENSG00000173039,cytoplasmic,,nucleoplasm
RER1,ENSG00000157916,golgi;vesicles,,
RHEB,ENSG00000106615,cytoplasmic;nucleoplasm,,
RHOA,ENSG00000067560,cytoplasmic,,vesicles;nucleoplasm
RHOB,ENSG00000143878,vesicles;membrane,,
RHOC,ENSG00000155366,cytoplasmic,nucleoplasm,
RHOG,ENSG00000177105,membrane,er,
RICTOR,ENSG00000164327,cytoplasmic,vesicles;membrane,
RING1,ENSG00000204227,chromatin;nuclear_punctae,nucleoplasm,
RIOK1,ENSG00000124784,cytoplasmic,nucleoplasm,
RIOK2,ENSG00000058729,cytoplasmic,,
RIOK3,ENSG00000101782,cytoplasmic,,
RNASEH2A,ENSG00000104889,nucleoplasm,chromatin,cytoplasmic
RND3,ENSG00000115963,cytoplasmic,membrane,
RNF40,ENSG00000103549,nucleoplasm,nuclear_punctae,
ROCK1,ENSG00000067900,cytoplasmic;membrane,cell_contact,
RPAP2,ENSG00000122484,cytoplasmic,,
RPL10A,ENSG00000198755,cytoplasmic,nucleolus_gc,
RPL11,ENSG00000142676,nucleolus_gc;cytoplasmic,,
RPL13,ENSG00000167526,cytoplasmic,nucleolus_gc,
RPL19,ENSG00000108298,cytoplasmic,nucleolus_gc,
RPL27,ENSG00000131469,cytoplasmic,nucleolus_gc,
RPL35,ENSG00000136942,cytoplasmic,nucleolus_gc,
RPL4,ENSG00000174444,cytoplasmic,nucleolus_gc,
RPL5,ENSG00000122406,nucleolus_gc;cytoplasmic,,
RPN1,ENSG00000163902,er,,
RPN2,ENSG00000118705,er,,
RPP30,ENSG00000148688,nucleolus_gc,,nucleoplasm;nuclear_punctae
RPS11,ENSG00000142534,cytoplasmic,,nucleolus_gc
RPS14,ENSG00000164587,cytoplasmic,,nucleolus_gc
RPS16,ENSG00000105193,cytoplasmic,,
RPS18,ENSG00000231500,cytoplasmic,,
RPS6KA1,ENSG00000117676,cytoplasmic,nucleoplasm,
RPS6KA3,ENSG00000177189,cytoplasmic;nucleoplasm,,
RPS6KA4,ENSG00000162302,nucleoplasm,,
RPS6KB1,ENSG00000108443,cytoplasmic;nucleoplasm,,
RRP1,ENSG00000160214,nucleolus_gc,,nucleoplasm
RRP36,ENSG00000124541,nucleolus_gc,nucleoplasm,cytoplasmic
RSL1D1,ENSG00000171490,nucleolus_gc,,
RTCB,ENSG00000100220,cytoplasmic;nucleoplasm,,
RTN4,ENSG00000115310,er,membrane,
RUVBL1,ENSG00000175792,cytoplasmic;nucleoplasm,,
RUVBL2,ENSG00000183207,cytoplasmic;nucleoplasm,,
S100A10,ENSG00000197747,cytoplasmic,membrane,vesicles
SACM1L,ENSG00000211456,er;golgi,,
SAE1,ENSG00000142230,nucleoplasm,,
SAR1A,ENSG00000079332,golgi,mitochondria,er
SAR1B,ENSG00000152700,golgi,er,
SARS1,ENSG00000031698,cytoplasmic,,
SBDS,ENSG00000126524,nucleoplasm;cytoplasmic,,
SC5D,ENSG00000109929,vesicles,,er
SCAMP1,ENSG00000085365,golgi;vesicles,,membrane
SCAMP2,ENSG00000140497,golgi;vesicles,,membrane
SCAMP4,ENSG00000227500,vesicles;membrane,golgi,
SCD,ENSG00000099194,vesicles,er,
SCD5,ENSG00000145284,er,,vesicles
SCFD1,ENSG00000092108,er;golgi,,
SCYL1,ENSG00000142186,cytoplasmic,nucleoplasm,golgi
SCYL2,ENSG00000136021,vesicles,,golgi
SEC13,ENSG00000157020,vesicles;golgi,nuclear_membrane,
SEC14L1,ENSG00000129657,cell_contact;membrane,,cytoplasmic;nucleoplasm
SEC16A,ENSG00000148396,vesicles,,
SEC22B,ENSG00000265808,vesicles,er,
SEC23A,ENSG00000100934,vesicles,golgi,
SEC23B,ENSG00000101310,vesicles,golgi,cytoplasmic
SEC24C,ENSG00000176986,vesicles,golgi,
SEC24D,ENSG00000150961,vesicles,,
SEC31A,ENSG00000138674,vesicles,golgi,cytoplasmic
SEC61B,ENSG00000106803,er,,
SEM1,ENSG00000127922,nucleoplasm;nuclear_punctae,cytoplasmic,
SEPTIN11,ENSG00000138758,cytoskeleton,membrane;cytoplasmic,
SEPTIN2,ENSG00000168385,cytoskeleton,membrane,cytoplasmic
SEPTIN5,ENSG00000184702,membrane,cytoskeleton,
SEPTIN7,ENSG00000122545,membrane,cytoskeleton;cytoplasmic,
SEPTIN8,ENSG00000164402,cytoskeleton;cytoplasmic,membrane,
SEPTIN9,ENSG00000184640,membrane;cytoskeleton,,
SF3A1,ENSG00000099995,chromatin,,
SF3A2,ENSG00000104897,chromatin;nuclear_punctae,,
SF3A3,ENSG00000183431,chromatin,,
SF3B1,ENSG00000115524,chromatin,,
SF3B2,ENSG00000087365,chromatin,,
SF3B3,ENSG00000189091,chromatin,,
SF3B4,ENSG00000143368,nucleoplasm;chromatin,cytoplasmic,
SF3B5,ENSG00000169976,chromatin,,
SF3B6,ENSG00000115128,chromatin,,
SFPQ,ENSG00000116560,nuclear_punctae,chromatin;nucleoplasm,
SGPL1,ENSG00000166224,er,,vesicles
SH3GL1,ENSG00000141985,membrane;cytoplasmic,,cell_contact
SH3GLB1,ENSG00000097033,cytoplasmic,vesicles,golgi
SH3GLB2,ENSG00000148341,cytoplasmic,vesicles,
SLC11A2,ENSG00000110911,vesicles,,
SLC15A4,ENSG00000139370,vesicles,,
SLC16A1,ENSG00000155380,membrane;vesicles,,
SLC16A10,ENSG00000112394,vesicles;membrane,,
SLC16A2,ENSG00000147100,membrane;vesicles,,
SLC18B1,ENSG00000146409,vesicles,,
SLC19A1,ENSG00000173638,membrane;vesicles,,
SLC1A3,ENSG00000079215,membrane;vesicles,,
SLC1A5,ENSG00000105281,membrane;vesicles,,
SLC23A2,ENSG00000089057,membrane;vesicles,,
SLC25A17,ENSG00000100372,vesicles,,
SLC26A6,ENSG00000225697,membrane;vesicles,,
SLC27A4,ENSG00000167114,er,,
SLC2A1,ENSG00000117394,vesicles,,
SLC2A8,ENSG00000136856,vesicles,,
SLC30A5,ENSG00000145740,golgi,,
SLC31A1,ENSG00000136868,vesicles,,
SLC33A1,ENSG00000169359,er;vesicles,,
SLC35B1,ENSG00000121073,golgi;vesicles,,er
SLC35B4,ENSG00000205060,vesicles;golgi,,
SLC35E1,ENSG00000127526,golgi,,
SLC35F2,ENSG00000110660,vesicles,golgi,
SLC37A3,ENSG00000157800,vesicles,,
SLC37A4,ENSG00000137700,golgi,,
SLC44A2,ENSG00000129353,membrane,vesicles,
SLC46A1,ENSG00000076351,membrane;vesicles,,
SLC4A2,ENSG00000164889,membrane,,
SLC5A6,ENSG00000138074,membrane;vesicles,,
SLC6A15,ENSG00000072041,vesicles,,
SLC7A1,ENSG00000139514,vesicles,,membrane
SLC7A5,ENSG00000103257,membrane;vesicles,,
SLC7A6,ENSG00000103064,membrane;vesicles,,
SLC9A3R1,ENSG00000109062,vesicles,centrosome,golgi
SLC9A3R2,ENSG00000065054,vesicles,golgi,
SLK,ENSG00000065613,cytoplasmic,,membrane;nucleoplasm
SMARCA1,ENSG00000102038,nucleoplasm,chromatin,cytoplasmic
SMARCA2,ENSG00000080503,nucleoplasm;chromatin,,
SMARCA4,ENSG00000127616,nucleoplasm,chromatin,
SMARCA5,ENSG00000153147,chromatin,,
SMARCAD1,ENSG00000163104,nucleoplasm,chromatin,
SMARCAL1,ENSG00000138375,nucleoplasm,,
SMARCB1,ENSG00000099956,nucleoplasm,chromatin,
SMARCC1,ENSG00000173473,nucleoplasm,chromatin,
SMARCC2,ENSG00000139613,nucleoplasm,chromatin,
SMARCD1,ENSG00000066117,nucleoplasm,nuclear_punctae,
SMARCD2,ENSG00000108604,nucleoplasm,chromatin,
SMARCE1,ENSG00000073584,nucleoplasm,chromatin,
SMC1A,ENSG00000072501,nucleoplasm;chromatin,,nuclear_punctae
SMN1,ENSG00000172062,cytoplasmic,nucleoplasm,nuclear_punctae
SNF8,ENSG00000159210,cytoplasmic;nucleoplasm,,
SNRNP40,ENSG00000060688,chromatin,,
SNRPA,ENSG00000077312,chromatin;nuclear_punctae,,
SNRPB,ENSG00000125835,chromatin;nucleoplasm;nuclear_punctae,,
SNRPB2,ENSG00000125870,chromatin,nuclear_punctae,
SNRPC,ENSG00000124562,nuclear_punctae;chromatin,,
SNRPD2,ENSG00000125743,chromatin,,
SNRPF,ENSG00000139343,chromatin,,
SNU13,ENSG00000100138,nucleolus_fc_dfc;nuclear_punctae,,
SNUPN,ENSG00000169371,cytoplasmic;nucleoplasm,big_aggregates,
SNX1,ENSG00000028528,vesicles,cytoplasmic,
SNX11,ENSG00000002919,vesicles,,
SNX12,ENSG00000147164,vesicles,,
SNX17,ENSG00000115234,cytoplasmic,vesicles,nucleoplasm
SNX2,ENSG00000205302,vesicles,,cytoplasmic
SNX27,ENSG00000143376,vesicles,,
SNX3,ENSG00000112335,vesicles,,
SNX4,ENSG00000114520,vesicles,cytoplasmic,
SNX5,ENSG00000089006,vesicles,,cytoplasmic
SNX7,ENSG00000162627,vesicles,cytoplasmic,
SNX8,ENSG00000106266,vesicles,cytoplasmic,
SNX9,ENSG00000130340,cytoplasmic,big_aggregates,membrane
SOS1,ENSG00000115904,cytoplasmic,,nucleoplasm
SPAST,ENSG00000021574,vesicles,,cytoplasmic;nucleoplasm
SPG21,ENSG00000090487,vesicles,,
SPNS1,ENSG00000169682,vesicles,,
SPOUT1,ENSG00000198917,nucleolus_gc,,
SPTLC1,ENSG00000090054,er,,vesicles
SPTLC2,ENSG00000100596,er,,
SQSTM1,ENSG00000161011,vesicles,nuclear_punctae;cytoplasmic,nucleoplasm
SRI,ENSG00000075142,nucleoplasm;cytoplasmic,big_aggregates,
SRP14,ENSG00000140319,nucleolus_gc;nucleoplasm,cytoplasmic,
SRP19,ENSG00000153037,cytoplasmic,er,
SRP54,ENSG00000100883,er,,
SRP68,ENSG00000167881,cytoplasmic,,
SRP72,ENSG00000174780,cytoplasmic,,
SRP9,ENSG00000143742,nucleolus_gc,nucleoplasm,cytoplasmic
SRPK2,ENSG00000135250,cytoplasmic;nucleolus_gc,nucleoplasm,
SRPRA,ENSG00000182934,er,,
SRPRB,ENSG00000144867,er,,
SSB,ENSG00000138385,nucleoplasm,,
SSRP1,ENSG00000149136,chromatin;nucleoplasm,nucleolus_gc;nuclear_punctae,
STAG1,ENSG00000118007,nucleoplasm,chromatin,
STAG2,ENSG00000101972,chromatin,nucleoplasm,
STAM,ENSG00000136738,vesicles,,
STAM2,ENSG00000115145,vesicles,,cytoplasmic
STIM1,ENSG00000167323,er,,
STIM2,ENSG00000109689,er,,vesicles;membrane
STIP1,ENSG00000168439,cytoplasmic;nucleoplasm,,
STK11,ENSG00000118046,centrosome,membrane;cytoplasmic;cell_contact,
STK24,ENSG00000102572,cytoplasmic,nucleoplasm,
STK25,ENSG00000115694,cytoplasmic;nucleoplasm,,golgi
STK26,ENSG00000134602,cytoplasmic,golgi,nucleoplasm
STK32C,ENSG00000165752,nucleoplasm;cytoplasmic,,
STK38L,ENSG00000211455,vesicles;cytoplasmic;nucleoplasm,,
STK4,ENSG00000101109,cytoplasmic,,cytoskeleton;nucleoplasm
STRN3,ENSG00000196792,cytoskeleton;cytoplasmic,,
STT3A,ENSG00000134910,er,,
STT3B,ENSG00000163527,er,,
STX10,ENSG00000104915,vesicles,,membrane;er
STX12,ENSG00000117758,vesicles,,
STX16,ENSG00000124222,golgi;vesicles,,
STX18,ENSG00000168818,er,,
STX2,ENSG00000111450,membrane;vesicles,cytoplasmic,
STX3,ENSG00000166900,membrane;cytoplasmic;vesicles,,
STX5,ENSG00000162236,golgi,er,
STX6,ENSG00000135823,vesicles,,
STX7,ENSG00000079950,vesicles,,
STX8,ENSG00000170310,vesicles,,
SUPT16H,ENSG00000092201,chromatin;nuclear_membrane,,
SUPT5H,ENSG00000196235,nucleoplasm,,nuclear_punctae
SVIL,ENSG00000197321,membrane,vesicles,
SYAP1,ENSG00000169895,golgi;cytoplasmic,vesicles,
SYNE3,ENSG00000176438,nuclear_membrane,,
SYVN1,ENSG00000162298,er,,
TAF1,ENSG00000147133,nucleoplasm,,
TAF12,ENSG00000120656,nucleoplasm,,
TAF1D,ENSG00000166012,nucleolus_fc_dfc,,nucleoplasm
TAOK1,ENSG00000160551,cytoplasmic,,big_aggregates
TAOK2,ENSG00000149930,cytoplasmic,vesicles,
TARDBP,ENSG00000120948,nuclear_punctae;nucleoplasm,,
TATDN3,ENSG00000203705,cytoplasmic;nucleoplasm,,
TBP,ENSG00000112592,nucleoplasm,nuclear_punctae,
TCF25,ENSG00000141002,cytoplasmic,,
TCOF1,ENSG00000070814,nucleolus_fc_dfc,,
TDP1,ENSG00000042088,nucleoplasm,,
TERF1,ENSG00000147601,nuclear_punctae,,
TERF2,ENSG00000132604,nuclear_punctae,nucleoplasm,
TFRC,ENSG00000072274,membrane;vesicles,,
TGFBRAP1,ENSG00000135966,vesicles,,
TIA1,ENSG00000116001,nucleoplasm;cytoplasmic,,
TIAM1,ENSG00000156299,cytoplasmic,,
TJP1,ENSG00000104067,cell_contact,,
TJP2,ENSG00000119139,cell_contact,,cytoplasmic
TLK2,ENSG00000146872,nucleoplasm,,nuclear_punctae
TMA16,ENSG00000198498,nucleolus_gc,,nucleoplasm
TMCO1,ENSG00000143183,er;vesicles,,golgi
TMED10,ENSG00000170348,vesicles;er,golgi,
TMED2,ENSG00000086598,vesicles,er,
TMEM106B,ENSG00000106460,vesicles,,membrane
TMEM147,ENSG00000105677,er,,
TMEM192,ENSG00000170088,vesicles,,
TMEM208,ENSG00000168701,er,,
TMEM63B,ENSG00000137216,vesicles,,
TMEM87A,ENSG00000103978,vesicles;golgi,,
TMPO,ENSG00000120802,nucleoplasm,nuclear_membrane;chromatin,cytoplasmic
TNPO1,ENSG00000083312,nuclear_membrane;nucleoplasm;cytoplasmic,big_aggregates,
TNPO3,ENSG00000064419,big_aggregates;nucleoplasm;cytoplasmic,,
TOLLIP,ENSG00000078902,vesicles;cytoplasmic,nucleoplasm,
TOMM20,ENSG00000173726,mitochondria,,
TOMM70,ENSG00000154174,mitochondria,,
TOP1,ENSG00000198900,chromatin,,nucleoplasm
TOP2A,ENSG00000131747,chromatin;nucleoplasm,nuclear_punctae;nuclear_membrane,
TOR1AIP1,ENSG00000143337,nuclear_membrane,,cytoplasmic
TPR,ENSG00000047410,nuclear_membrane,nucleoplasm,
TPT1,ENSG00000133112,cytoplasmic,,
TRAPPC1,ENSG00000170043,golgi;vesicles;cytoplasmic,nucleoplasm,
TRAPPC11,ENSG00000168538,golgi;vesicles,,cytoplasmic
TRAPPC2,ENSG00000196459,cytoplasmic,golgi,nucleoplasm
TRIM24,ENSG00000122779,chromatin,nucleoplasm,
TRIM28,ENSG00000130726,nucleoplasm,,
TRIM33,ENSG00000197323,nucleoplasm,nuclear_punctae,
TRIR,ENSG00000123144,nucleoplasm,,chromatin
TRMT1L,ENSG00000121486,nucleolus_gc,nucleoplasm,
TRPM7,ENSG00000092439,membrane,,er
TRRAP,ENSG00000196367,nucleoplasm,,
TSG101,ENSG00000074319,cytoplasmic,,nucleoplasm
TSR1,ENSG00000167721,nucleolus_gc;nucleoplasm,,cytoplasmic
TSR2,ENSG00000158526,cytoplasmic;nucleoplasm,,
TTK,ENSG00000112742,centrosome;cytoplasmic;nucleoplasm,,
TUBA1B,ENSG00000123416,cytoplasmic,cytoskeleton,
TUBB4B,ENSG00000188229,cytoplasmic;cytoskeleton,,nucleoplasm
TUBG1,ENSG00000131462,centrosome;cytoplasmic;nucleoplasm,,
U2AF2,ENSG00000063244,nuclear_punctae,chromatin,
U2SURP,ENSG00000163714,chromatin,,nuclear_punctae
UBA1,ENSG00000130985,nucleoplasm,cytoplasmic,
UBA5,ENSG00000081307,cytoplasmic,,
UBA52,ENSG00000221983,nucleoplasm;cytoplasmic,nuclear_punctae,
UBB,ENSG00000170315,cytoplasmic;nucleoplasm,,
UBC,ENSG00000150991,nucleoplasm;cytoplasmic,,
UBE2M,ENSG00000130725,nucleoplasm,cytoplasmic,
UBTF,ENSG00000108312,nucleolus_fc_dfc;nucleoplasm,,nuclear_punctae
UFC1,ENSG00000143222,nucleoplasm;cytoplasmic,er,
UGDH,ENSG00000109814,nucleoplasm;cytoplasmic,,
ULK1,ENSG00000177169,vesicles,er;cytoplasmic,
ULK3,ENSG00000140474,vesicles,cytoplasmic;nucleoplasm,
UPF1,ENSG00000005007,cytoplasmic,,
USP1,ENSG00000162607,nucleoplasm,,
USP10,ENSG00000103194,cytoplasmic,,
USP22,ENSG00000124422,nucleoplasm,,
USP36,ENSG00000055483,nucleolus_gc,,
USP7,ENSG00000187555,nuclear_punctae,,nucleoplasm
UTP14A,ENSG00000156697,nucleolus_gc,,nucleoplasm
UTP4,ENSG00000141076,nucleolus_fc_dfc,,
UTP6,ENSG00000108651,nucleolus_gc,,
UTRN,ENSG00000152818,membrane,,nucleoplasm;cytoplasmic
UVRAG,ENSG00000198382,cytoplasmic;vesicles,,
VAMP2,ENSG00000220205,membrane;vesicles,golgi,
VAMP3,ENSG00000049245,membrane;vesicles,,golgi
VAMP4,ENSG00000117533,vesicles,,
VAMP8,ENSG00000118640,vesicles,membrane,
VAPA,ENSG00000101558,er;golgi;vesicles,,
VAPB,ENSG00000124164,er;golgi,vesicles,
VASP,ENSG00000125753,focal_adhesions,cytoplasmic,cell_contact
VCL,ENSG00000035403,focal_adhesions;cytoplasmic;cell_contact,,
VCP,ENSG00000165280,nucleoplasm;cytoplasmic,chromatin,cytoskeleton;er
VDAC1,ENSG00000213585,mitochondria,,
VDAC2,ENSG00000165637,mitochondria,,
VDAC3,ENSG00000078668,mitochondria,,
VHL,ENSG00000134086,cytoplasmic;nucleoplasm,,
VIM,ENSG00000026025,cytoskeleton,,membrane
VMP1,ENSG00000062716,er,,
VPS16,ENSG00000215305,vesicles,cytoplasmic,
VPS18,ENSG00000104142,vesicles;cytoplasmic,,
VPS25,ENSG00000131475,cytoplasmic;nucleoplasm,,
VPS28,ENSG00000160948,vesicles,cytoplasmic,
VPS29,ENSG00000111237,vesicles,,
VPS33A,ENSG00000139719,cytoplasmic;vesicles,,nucleoplasm
VPS35,ENSG00000069329,vesicles,,
VPS36,ENSG00000136100,cytoplasmic;nucleoplasm,,vesicles
VPS37B,ENSG00000139722,cytoplasmic,vesicles,
VPS39,ENSG00000166887,vesicles,cytoplasmic,
VPS41,ENSG00000006715,cytoplasmic;vesicles,,
VPS4A,ENSG00000132612,vesicles,cytoplasmic,nucleoplasm
VPS8,ENSG00000156931,vesicles,,
VRK2,ENSG00000028116,er,,
VRK3,ENSG00000105053,nucleoplasm,big_aggregates,
VTI1A,ENSG00000151532,vesicles,golgi,
VTI1B,ENSG00000100568,vesicles,,
WAPL,ENSG00000062650,nucleoplasm,chromatin,
WASF1,ENSG00000112290,cytoplasmic,membrane,
WASF2,ENSG00000158195,cytoplasmic,membrane,
WASL,ENSG00000106299,cytoplasmic;membrane,,nucleoplasm
WBP2,ENSG00000132471,vesicles,nucleoplasm;cytoplasmic,
WDR12,ENSG00000138442,nucleolus_gc,,nucleoplasm
WDR3,ENSG00000065183,nucleolus_gc,,nucleoplasm
WDR46,ENSG00000227057,nucleolus_gc,,
WDR75,ENSG00000115368,nucleolus_gc,,
WIPF2,ENSG00000171475,cell_contact;membrane,cytoplasmic,
WNK1,ENSG00000060237,cytoplasmic,,
WWOX,ENSG00000186153,golgi,,
WWP1,ENSG00000123124,cytoplasmic,,vesicles
XPO1,ENSG00000082898,nuclear_membrane,nucleoplasm;nucleolus_gc,
XPO4,ENSG00000132953,nuclear_membrane;nucleoplasm;cytoplasmic,,
XPO5,ENSG00000124571,nucleoplasm,,
XPO6,ENSG00000169180,cytoplasmic;nucleoplasm;nuclear_membrane,,
XPOT,ENSG00000184575,cytoplasmic;nucleoplasm,,
YES1,ENSG00000176105,membrane,,cytoplasmic
YIPF5,ENSG00000145817,golgi;vesicles,er,
YKT6,ENSG00000106636,cytoplasmic;nucleoplasm,,
YWHAB,ENSG00000166913,cytoplasmic,centrosome,nucleoplasm
YWHAE,ENSG00000108953,cytoplasmic,centrosome;cell_contact,nucleoplasm
YWHAG,ENSG00000170027,centrosome;cytoplasmic,nucleoplasm,cell_contact;membrane
YWHAH,ENSG00000128245,centrosome;cytoplasmic,cell_contact,
YWHAQ,ENSG00000134308,cytoplasmic,centrosome;nucleoplasm,
YWHAZ,ENSG00000164924,centrosome;cytoplasmic;nucleoplasm,,
YY1,ENSG00000100811,nucleoplasm,,chromatin
ZCCHC17,ENSG00000121766,nucleolus_gc;nuclear_punctae,nucleoplasm,
ZCCHC7,ENSG00000147905,nucleolus_gc,,
ZCCHC9,ENSG00000131732,nucleolus_gc,,
ZNF326,ENSG00000162664,nuclear_punctae;nucleolus_gc;nucleoplasm,,
ZNF598,ENSG00000167962,cytoplasmic,,er
ZYX,ENSG00000159840,cell_contact,,
